{"cameraMode":{"drawMode":0,"name":"Shaded","section":"Shading Mode"},"sceneLighting":false,"audioPlay":false,"sceneViewState":{"showFog":true,"showMaterialUpdate":false,"showSkybox":false,"showFlares":true,"showImageEffects":true,"showParticleSystems":true},"in2DMode":false,"pivot":{"x":298.2151184082031,"y":165.20962524414063,"z":-341.8125},"rotation":{"x":-0.02294352650642395,"y":-0.3301730155944824,"z":0.00802693236619234,"w":-0.9436128735542297},"size":0.8660253882408142,"orthographic":false}