{"cameraMode":{"drawMode":0,"name":"Shaded","section":"Shading Mode"},"sceneLighting":false,"audioPlay":false,"sceneViewState":{"showFog":true,"showMaterialUpdate":false,"showSkybox":false,"showFlares":true,"showImageEffects":true,"showParticleSystems":true},"in2DMode":false,"pivot":{"x":0.0,"y":-0.16485482454299928,"z":-4.039999961853027},"rotation":{"x":0.2487446665763855,"y":-0.49491992592811587,"z":0.15033428370952607,"w":0.8188949227333069},"size":1.0973631143569947,"orthographic":false}