{"cameraMode":{"drawMode":0,"name":"Shaded","section":"Shading Mode"},"sceneLighting":false,"audioPlay":false,"sceneViewState":{"showFog":true,"showMaterialUpdate":false,"showSkybox":false,"showFlares":true,"showImageEffects":true,"showParticleSystems":true},"in2DMode":false,"pivot":{"x":-13.987000465393067,"y":1.152999997138977,"z":0.8039000034332275},"rotation":{"x":0.2804877758026123,"y":0.26695939898490908,"z":-0.0815313532948494,"w":0.9184373021125794},"size":0.3558826744556427,"orthographic":false}