{"cameraMode":{"drawMode":0,"name":"Shaded","section":"Shading Mode"},"sceneLighting":false,"audioPlay":false,"sceneViewState":{"showFog":true,"showMaterialUpdate":false,"showSkybox":false,"showFlares":true,"showImageEffects":true,"showParticleSystems":true},"in2DMode":false,"pivot":{"x":-13.735427856445313,"y":-4.4387526512146,"z":-6.758153438568115},"rotation":{"x":-0.12459143996238709,"y":0.7377188801765442,"z":-0.14179910719394685,"w":-0.6481901407241821},"size":7.477950572967529,"orthographic":false}