{"cameraMode":{"drawMode":0,"name":"Shaded","section":"Shading Mode"},"sceneLighting":true,"audioPlay":false,"sceneViewState":{"showFog":true,"showMaterialUpdate":false,"showSkybox":true,"showFlares":true,"showImageEffects":true,"showParticleSystems":true},"in2DMode":false,"pivot":{"x":-5.428879261016846,"y":11.65666389465332,"z":-5.3477983474731449},"rotation":{"x":0.07977685332298279,"y":-0.6246045231819153,"z":-0.06423809379339218,"w":-0.7742380499839783},"size":12.537501335144043,"orthographic":false}