{"cameraMode":{"drawMode":0,"name":"Shaded","section":"Shading Mode"},"sceneLighting":false,"audioPlay":false,"sceneViewState":{"showFog":true,"showMaterialUpdate":false,"showSkybox":false,"showFlares":true,"showImageEffects":true,"showParticleSystems":true},"in2DMode":false,"pivot":{"x":7.816990375518799,"y":-1.9867388010025025,"z":-11.793172836303711},"rotation":{"x":-0.058914050459861758,"y":-0.8522079586982727,"z":0.09835010766983032,"w":-0.5104953646659851},"size":7.477950572967529,"orthographic":false}